title,location,price,area,no_rooms,interior,year
ApartmentVolewijkshof4,1031AHAmsterdam(Volewijck),"€1,550permonth",100m²,3rooms,,2016
ApartmentEersteWeteringdwarsstraat,1017TMAmsterdam(DeWeteringschans),"€1,750permonth",46m²,2rooms,Upholstered,
ApartmentRoerstraat,1078LLAmsterdam(Scheldebuurt),"€1,975permonth",77m²,3rooms,,1931
ApartmentZocherstraat,1054LRAmsterdam(OvertoomseSluis),"€2,500permonth",80m²,3rooms,Upholstered,
ApartmentGeervliet33,1082NLAmsterdam(Buitenveldert-Oost),"€1,750permonth",75m²,2rooms,Furnished,
ApartmentStadhouderskade128I,1074AVAmsterdam(OudePijp),"€2,350permonth",75m²,3rooms,Upholstered,
ApartmentZeeburgerdijk,1093SKAmsterdam(Dapperbuurt),"€1,850permonth",70m²,2rooms,Furnished,
ApartmentPrinsengracht475I,1016HPAmsterdam(Grachtengordel-West),"€2,750permonth",80m²,2rooms,Upholsteredorfurnished,
ApartmentVijzelgracht333,1017HNAmsterdam(DeWeteringschans),"€2,450permonth",93m²,3rooms,,Before1906
ApartmentGovertFlinckstraat,1073BSAmsterdam(OudePijp),"€2,850permonth",86m²,4rooms,Upholstered,
ApartmentLodewijkBoisotstraat21,1057ZMAmsterdam(Chassébuurt),"€2,350permonth",85m²,3rooms,Upholstered,
ApartmentJanvanRiebeekstraat102,1057ZXAmsterdam(Chassébuurt),"€1,950permonth",60m²,3rooms,Furnished,
ApartmentJohannesVerhulststraat187H,1075GZAmsterdam(Willemspark),"€7,000permonth",232m²,7rooms,,
ApartmentVanBreestraat73I,1071ZHAmsterdam(Museumkwartier),"€2,450permonth",68m²,3rooms,,1899
ApartmentParadijsplein,1093NJAmsterdam(Dapperbuurt),"€2,350permonth",64m²,2rooms,Upholsteredorfurnished,
ApartmentTuinstraat302,1015PEAmsterdam(Jordaan),"€2,750permonth",111m²,3rooms,Furnished,
ApartmentJacobvanLennepstraat,1053KBAmsterdam(VanLennepbuurt),"€1,595permonth",50m²,2rooms,Furnished,
ApartmentPrinsengracht6692,1017JTAmsterdam(Grachtengordel-Zuid),"€2,500permonth",55m²,2rooms,Upholstered,
ApartmentMarathonweg153,1076SXAmsterdam(Stadionbuurt),"€1,750permonth",43m²,2rooms,Furnished,
HouseAmstel49,1011PWAmsterdam(Nieuwmarkt/Lastage),"€4,950permonth",125m²,4rooms,Upholsteredorfurnished,
HouseLaagteKadijk55,1018BBAmsterdam(OostelijkeEilanden/Kadijken),"€2,250permonth",87m²,3rooms,,2010
HouseSassenheimstraat402,1059BJAmsterdam(Hoofddorppleinbuurt),"€1,800permonth",56m²,2rooms,Furnished,
ApartmentValkenburgerstraat136F,1011NAAmsterdam(Nieuwmarkt/Lastage),"€2,750permonth",95m²,3rooms,Furnished,
ApartmentJoanMelchiorKemperstraat1082,1051TWAmsterdam(Staatsliedenbuurt),"€1,850permonth",47m²,2rooms,Furnished,
ApartmentHaarlemmerdijk100D,1013JGAmsterdam(Haarlemmerbuurt),"€2,500permonth",100m²,3rooms,Furnished,
ApartmentDerdeHelmersstraat41A,1054BBAmsterdam(Helmersbuurt),"€2,450permonth",65m²,3rooms,Furnished,
ApartmentKuipersstraat,1073EVAmsterdam(NieuwePijp),"€1,600permonth",45m²,3rooms,,1906-1930
ApartmentJasperLeijnsenstraat233,1056XWAmsterdam(Landlust),"€1,650permonth",53m²,3rooms,,1931-1944
ApartmentDostojevskisingel,"1102XMAmsterdam(BijlmerCentrum(D,F,H))","€1,250permonth",45m²,2rooms,,1984
ApartmentOrteliuskade,1057AEAmsterdam(Hoofdwege.o.),"€1,850permonth",54m²,3rooms,Upholstered,
ApartmentNicolaasMaesstraat77II-III,1071PSAmsterdam(Museumkwartier),"€5,750permonth",185m²,6rooms,Furnished,
ApartmentSingel,1015ACAmsterdam(Grachtengordel-West),"€2,500permonth",82m²,3rooms,Upholstered,
ApartmentLijnbaansgracht,1016KTAmsterdam(Jordaan),"€1,950permonth",44m²,2rooms,,Before1906
ApartmentBadhuiskade75,1031KVAmsterdam(NoordelijkeIJ-oeversWest),"€2,450permonth",87m²,2rooms,Upholstered,
HouseNederhoven,1083AMAmsterdam(Buitenveldert-Oost),"€8,500permonth",336m²,11rooms,,
ApartmentJanvanZutphenstraat,1069RSAmsterdam(Osdorp-Midden),"€2,500permonth",118m²,1room,,
ApartmentEgelantiersstraat,1015PPAmsterdam(Jordaan),"€2,200permonth",80m²,3rooms,Upholstered,
ApartmentVechtstraat,1079JVAmsterdam(Rijnbuurt),"€1,800permonth",62m²,3rooms,Upholstered,
ApartmentSpuistraat105B,1012SVAmsterdam(Burgwallen-NieuweZijde),"€2,300permonth",66m²,2rooms,Upholsteredorfurnished,
ApartmentHerengracht,1016BEAmsterdam(Grachtengordel-West),"€3,750permonth",104m²,1room,Furnished,
ApartmentNoorderstraat,1017TRAmsterdam(DeWeteringschans),"€2,500permonth",100m²,3rooms,Furnished,
ApartmentReguliersgracht78B,1017LVAmsterdam(Grachtengordel-Zuid),"€5,500permonth",141m²,4rooms,,1850
ApartmentJanLievensstraat,1074TTAmsterdam(ZuidPijp),"€1,975permonth",56m²,2rooms,Furnished,
ApartmentTransvaalkade,1092JKAmsterdam(Transvaalbuurt),"€1,850permonth",60m²,3rooms,Furnished,
ApartmentRustenburgerstraat146A11,1073GJAmsterdam(NieuwePijp),"€2,075permonth",55m²,2rooms,Furnished,
ApartmentDeWittenkade294,1052ABAmsterdam(Staatsliedenbuurt),"€1,750permonth",70m²,2rooms,Shell,
ApartmentNieuwezijdsVoorburgwal,1012RTAmsterdam(Burgwallen-NieuweZijde),"€5,000permonth",150m²,3rooms,Furnished,
ApartmentSintWillibrordusstraat109A,1073VBAmsterdam(NieuwePijp),"€2,900permonth",100m²,4rooms,Upholstered,
ApartmentBanneBuikslootlaan,1034ABAmsterdam(BanneBuiksloot),"€1,750permonth",72m²,3rooms,,2014
ApartmentWestzaanstraat45III,1013NEAmsterdam(Spaarndammer-enZeeheldenbuurt),"€2,100permonth",93m²,4rooms,Upholstered,
ApartmentEersteHelmersstraat413,1054DAAmsterdam(Helmersbuurt),"€2,750permonth",100m²,3rooms,Upholstered,
ApartmentLinnaeusparkweg343,1098ECAmsterdam(Middenmeer),"€1,950permonth",66m²,3rooms,Upholstered,
ApartmentBredeweg43II,1098BNAmsterdam(Middenmeer),"€3,450permonth",134m²,5rooms,Upholstered,
ApartmentCliffordstraat,1051GPAmsterdam(Staatsliedenbuurt),"€1,750permonth",49m²,2rooms,Furnished,
ApartmentDerdeWeteringdwarsstraat23BV,1017TBAmsterdam(DeWeteringschans),"€1,875permonth",76m²,2rooms,Furnished,
ApartmentKleiburg1040,"1104EAAmsterdam(BijlmerOost(E,G,K))","€1,550permonth",70m²,3rooms,Upholsteredorfurnished,
ApartmentAdmiraalDeRuijterweg,1055MPAmsterdam(Landlust),"€3,750permonth",139m²,5rooms,,1906
ApartmentLaagteKadijk,1018BBAmsterdam(OostelijkeEilanden/Kadijken),"€2,250permonth",75m²,3rooms,Furnished,
ApartmentWillemParelstraat,1018KZAmsterdam(OostelijkeEilanden/Kadijken),"€1,700permonth",40m²,2rooms,Furnished,
ApartmentPieterOosterhuisstraat,1087HTAmsterdam(IJburgZuid),"€2,350permonth",112m²,3rooms,Upholstered,
ApartmentMagalhaensstraat,1057RVAmsterdam(Hoofdwege.o.),"€1,800permonth",55m²,3rooms,Upholstered,
ApartmentIJburglaan,1087ENAmsterdam(IJburgWest),"€2,500permonth",96m²,3rooms,Furnished,
ApartmentEersteAtjehstraat,1094KDAmsterdam(IndischeBuurtWest),"€2,275permonth",65m²,3rooms,Furnished,
ApartmentKerkstraat,1017HWAmsterdam(Grachtengordel-Zuid),"€5,000permonth",120m²,3rooms,Furnished,
ApartmentReestraat,1016DMAmsterdam(Grachtengordel-West),"€1,950permonth",70m²,2rooms,Furnished,
ApartmentPijlsteeg6,1012HHAmsterdam(Burgwallen-OudeZijde),"€2,250permonth",60m²,2rooms,Furnished,
ApartmentKleiburg,"1104EAAmsterdam(BijlmerOost(E,G,K))","€1,500permonth",50m²,3rooms,Furnished,
ApartmentCéramiquelaan211,1031KGAmsterdam(NoordelijkeIJ-oeversWest),"€15,000permonth",250m²,4rooms,Furnished,
ApartmentOudezijdsAchterburgwal,1012DAAmsterdam(Burgwallen-OudeZijde),"€1,850permonth",45m²,2rooms,Furnished,
ApartmentStadionweg,1077TAAmsterdam(Apollobuurt),"€3,000permonth",120m²,3rooms,,1931-1944
ApartmentFransHalsstraat893,1072BPAmsterdam(OudePijp),"€2,250permonth",70m²,3rooms,Furnished,
ApartmentGroenburgwal,1011HTAmsterdam(Nieuwmarkt/Lastage),"€1,800permonth",52m²,2rooms,Upholstered,
ApartmentRhijnvisFeithstraat24E,1054TXAmsterdam(OvertoomseSluis),"€2,500permonth",52m²,2rooms,Upholsteredorfurnished,
ApartmentAmstel,1017ACAmsterdam(Grachtengordel-Zuid),"€3,250permonth",144m²,4rooms,Furnished,
ApartmentVanBoetzelaerstraat,1051CXAmsterdam(Staatsliedenbuurt),"€1,650permonth",44m²,2rooms,Furnished,
ApartmentJanBernardusstraat,1091TRAmsterdam(Weesperzijde),"€2,100permonth",55m²,2rooms,Furnished,
ApartmentStadionkade,1076BJAmsterdam(Stadionbuurt),"€2,975permonth",100m²,3rooms,Upholstered,
ApartmentOudeLeliestraat6,1015AWAmsterdam(Grachtengordel-West),"€2,300permonth",75m²,2rooms,Furnished,
ApartmentWesterstraat,1015LWAmsterdam(Jordaan),"€1,900permonth",49m²,3rooms,Furnished,
ApartmentNieuwezijdsVoorburgwal,1012RZAmsterdam(Burgwallen-NieuweZijde),"€2,150permonth",60m²,2rooms,Furnished,
ApartmentGovertFlinckstraat,1072EHAmsterdam(OudePijp),"€2,300permonth",55m²,3rooms,Furnished,
ApartmentEersteVanSwindenstraat76H,1093GHAmsterdam(Dapperbuurt),"€2,300permonth",59m²,3rooms,,1892
ApartmentSarphatistraat,1018GKAmsterdam(Weesperbuurt/Plantage),"€2,350permonth",61m²,3rooms,Upholstered,
HouseJanHanzenstraat127,1053SPAmsterdam(Kinkerbuurt),"€2,550permonth",60m²,2rooms,Furnished,
ApartmentMercuriusplein3C,1033AZAmsterdam(TuindorpOostzaan),"€1,240permonth",47m²,2rooms,Shell,
ApartmentFinsenstraat74,1098RJAmsterdam(Middenmeer),"€2,750permonth",120m²,4rooms,Upholstered,
ApartmentPieterCalandlaan,1069SCAmsterdam(Osdorp-Midden),"€1,750permonth",105m²,5rooms,,2006
ApartmentNieuwendijk362,1012MLAmsterdam(Burgwallen-NieuweZijde),"€2,950permonth",90m²,4rooms,Upholstered,
ApartmentNieuwendijk361,1012MLAmsterdam(Burgwallen-NieuweZijde),"€1,850permonth",57m²,2rooms,Upholstered,
ApartmentSprinklerstraat37,1019VRAmsterdam(OostelijkHavengebied),"€1,850permonth",62m²,2rooms,Upholstered,
ApartmentWillemParelstraat,1018KZAmsterdam(OostelijkeEilanden/Kadijken),"€1,700permonth",44m²,2rooms,Upholstered,
ApartmentDeLairessestraat1721,1075HMAmsterdam(Willemspark),"€2,850permonth",84m²,3rooms,Furnished,
ApartmentMarcusstraat,1091TJAmsterdam(Weesperzijde),"€2,000permonth",49m²,2rooms,Furnished,
ApartmentPrinsengracht,1017KHAmsterdam(DeWeteringschans),"€3,500permonth",75m²,3rooms,Furnished,
ApartmentVanOldenbarneveldtstraat,1052JVAmsterdam(FrederikHendrikbuurt),"€2,850permonth",115m²,3rooms,Furnished,
ApartmentIJselstraat34L,1078CJAmsterdam(IJselbuurt),"€2,500permonth",70m²,3rooms,Upholsteredorfurnished,
ApartmentVanNijenrodeweg,1083ELAmsterdam(Buitenveldert-Oost),"€1,850permonth",88m²,3rooms,Furnished,
ApartmentEstherdeBoer-vanRijkstraat,1065GNAmsterdam(SlotervaartZuid),"€1,800permonth",66m²,3rooms,Furnished,
ApartmentGaljootstraat,1086VEAmsterdam(IJburgWest),"€1,750permonth",95m²,3rooms,Furnished,
ApartmentNieuweSpiegelstraat481,1017DGAmsterdam(Grachtengordel-Zuid),"€2,250permonth",70m²,3rooms,Furnished,
ApartmentAlbertCuypstraat311,1072CLAmsterdam(OudePijp),"€1,950permonth",50m²,2rooms,Upholsteredorfurnished,
ApartmentAfroditekade163PP,1076DZAmsterdam(Stadionbuurt),"€2,700permonth",114m²,3rooms,,2008
ApartmentNachtwachtlaan,1058EMAmsterdam(OvertoomseVeld),"€2,000permonth",60m²,2rooms,Furnished,
ApartmentBolestein792,1081ERAmsterdam(Buitenveldert-West),"€2,250permonth",88m²,4rooms,Furnished,
ApartmentStuyvesantstraat49H,1058AKAmsterdam(WestindischeBuurt),"€2,350permonth",73m²,2rooms,Furnished,
ApartmentZeeburgerkade1222,1019VKAmsterdam(OostelijkHavengebied),"€3,000permonth",122m²,4rooms,Furnished,
ApartmentWarmoesstraat48B,1012JEAmsterdam(Burgwallen-OudeZijde),"€2,250permonth",47m²,2rooms,Upholsteredorfurnished,
ApartmentRuyschstraat993,1091BZAmsterdam(Oosterparkbuurt),"€2,600permonth",80m²,3rooms,Upholsteredorfurnished,
ApartmentRijnstraat,1078PVAmsterdam(IJselbuurt),"€2,350permonth",78m²,3rooms,Furnished,
ApartmentReyerAnslostraat17H,1054KTAmsterdam(OvertoomseSluis),"€3,000permonth",117m²,5rooms,,1878
ApartmentVrolikstraat,1092TWAmsterdam(Oosterparkbuurt),"€1,950permonth",57m²,2rooms,,
ApartmentVondelstraat,1054GEAmsterdam(Vondelbuurt),"€2,850permonth",125m²,3rooms,,1870
ApartmentUtrechtsestraat,1017VPAmsterdam(Grachtengordel-Zuid),"€2,450permonth",120m²,2rooms,Furnished,
HouseHolbeinstraat,1077VCAmsterdam(Apollobuurt),"€6,000permonth",201m²,5rooms,Upholstered,
ApartmentSarphatipark,1072PBAmsterdam(OudePijp),"€2,975permonth",83m²,3rooms,Furnished,
ApartmentHerengracht,1015BDAmsterdam(Grachtengordel-West),"€2,750permonth",100m²,3rooms,Furnished,
ApartmentHuidekoperstraat,1017ZMAmsterdam(DeWeteringschans),"€2,100permonth",65m²,3rooms,Furnished,
ApartmentJacobvanLennepkade,1053NNAmsterdam(VanLennepbuurt),"€1,650permonth",41m²,2rooms,Upholstered,
ApartmentKoggestraat,1012TAAmsterdam(Burgwallen-NieuweZijde),"€2,950permonth",92m²,3rooms,Upholsteredorfurnished,
ApartmentAdmiralengracht522,1057GAAmsterdam(Chassébuurt),"€1,500permonth",60m²,2rooms,Furnished,
ApartmentWoestduinstraat,1059TAAmsterdam(Hoofddorppleinbuurt),"€1,850permonth",55m²,2rooms,Furnished,
ApartmentNieuwezijdsVoorburgwal,1012RZAmsterdam(Burgwallen-NieuweZijde),"€3,000permonth",100m²,3rooms,Furnished,
ApartmentNieuwezijdsVoorburgwal18B,1012RZAmsterdam(Burgwallen-NieuweZijde),"€3,000permonth",100m²,3rooms,Furnished,
ApartmentNieuwezijdsVoorburgwal18D,1012RZAmsterdam(Burgwallen-NieuweZijde),"€3,250permonth",100m²,3rooms,Furnished,
ApartmentBentinckstraat,1051GDAmsterdam(Staatsliedenbuurt),"€2,500permonth",87m²,3rooms,Furnished,
ApartmentNassaukade,1053LKAmsterdam(DaCostabuurt),"€1,600permonth",40m²,2rooms,Upholstered,
ApartmentGravenstraat,1012NLAmsterdam(Burgwallen-NieuweZijde),"€1,900permonth",55m²,2rooms,Furnished,
ApartmentLoenermark,1025TPAmsterdam(Buikslotermeer),"€1,950permonth",75m²,3rooms,Furnished,
ApartmentKNSM-laan630,1019LRAmsterdam(OostelijkHavengebied),"€1,950permonth",72m²,3rooms,Furnished,
ApartmentCornelisvanRijplantsoen3,1063MCAmsterdam(Slotermeer-Noordoost),"€1,950permonth",91m²,3rooms,Furnished,
ApartmentWeerdestein90,1083GGAmsterdam(Buitenveldert-Oost),"€2,600permonth",110m²,4rooms,Furnished,
ApartmentLeenhofstraat,1067KWAmsterdam(Geuzenveld),"€1,750permonth",69m²,3rooms,Furnished,
ApartmentAdmiraalDeRuijterweg178E,1056GZAmsterdam(Landlust),"€2,000permonth",75m²,3rooms,Furnished,
ApartmentElandsgracht,1016TVAmsterdam(Jordaan),"€2,900permonth",100m²,3rooms,Upholstered,
ApartmentBrittenburg39,1082BSAmsterdam(Buitenveldert-West),"€1,750permonth",65m²,3rooms,Upholsteredorfurnished,
StudioZeeburgerdijk,1093SKAmsterdam(Dapperbuurt),"€1,250permonth",33m²,1room,Furnished,
ApartmentWarmoesstraat12B,1012JDAmsterdam(Burgwallen-OudeZijde),"€2,050permonth",74m²,2rooms,Upholsteredorfurnished,
ApartmentSarphatipark,1073CPAmsterdam(OudePijp),"€2,450permonth",73m²,3rooms,Upholstered,
ApartmentBosrankstraat,1032LHAmsterdam(NoordelijkeIJ-oeversWest),"€2,200permonth",85m²,3rooms,Furnished,
HousePrinsengracht751,1017JXAmsterdam(Grachtengordel-Zuid),"€5,950permonth",265m²,8rooms,Upholsteredorfurnished,
ApartmentStaringstraat,1054VRAmsterdam(OvertoomseSluis),"€1,800permonth",75m²,3rooms,Shell,
ApartmentBloemgracht,1015TJAmsterdam(Jordaan),"€2,500permonth",87m²,3rooms,Furnished,
ApartmentHaarlemmerdijk,1013JKAmsterdam(Haarlemmerbuurt),"€1,600permonth",50m²,2rooms,Upholstered,
ApartmentNieuweKeizersgracht60III,1018DTAmsterdam(Weesperbuurt/Plantage),"€2,500permonth",100m²,3rooms,Furnished,
ApartmentGalvanistraat4H,1098NLAmsterdam(Middenmeer),"€2,250permonth",90m²,4rooms,Upholstered,
ApartmentCeintuurbaan933+4,1072EXAmsterdam(OudePijp),"€2,495permonth",95m²,3rooms,,Before1906
ApartmentNieuweHerengracht,1011RLAmsterdam(Nieuwmarkt/Lastage),"€2,750permonth",80m²,3rooms,Furnished,
ApartmentJuliusPergerstraat,1087KNAmsterdam(IJburgZuid),"€2,000permonth",85m²,3rooms,Furnished,
ApartmentHerengracht,1017BSAmsterdam(Grachtengordel-Zuid),"€1,950permonth",55m²,2rooms,Upholsteredorfurnished,
ApartmentEersteHugodeGrootstraat7hs,1052KKAmsterdam(FrederikHendrikbuurt),"€2,350permonth",69m²,2rooms,,
ApartmentDalsteindreef310,"1102WZAmsterdam(BijlmerCentrum(D,F,H))","€1,450permonth",59m²,2rooms,Furnished,
ApartmentWijttenbachstraat64E,1093JGAmsterdam(Dapperbuurt),"€1,650permonth",36m²,2rooms,Furnished,
ApartmentJohanHofmanstraat,1069KEAmsterdam(Osdorp-Midden),"€2,250permonth",96m²,3rooms,Furnished,
ApartmentKeizersgracht,1017EBAmsterdam(Grachtengordel-Zuid),"€2,450permonth",42m²,3rooms,Furnished,
ApartmentFaasWilkesstraat,1095MDAmsterdam(Zeeburgereiland/NieuweDiep),"€2,450permonth",105m²,4rooms,Upholstered,
ApartmentStatenjachtstraat,1034GAAmsterdam(BanneBuiksloot),"€1,750permonth",80m²,3rooms,Upholstered,
ApartmentVanSpilbergenstraat963,1057RLAmsterdam(Hoofdwege.o.),"€1,950permonth",75m²,3rooms,Upholstered,
ApartmentPresidentSteynstraat132,1091NBAmsterdam(Transvaalbuurt),"€1,800permonth",60m²,3rooms,Upholstered,
ApartmentTh.J.Lammerslaan17,1064DHAmsterdam(Slotermeer-Zuidwest),"€1,875permonth",80m²,3rooms,Upholstered,
ApartmentFaasWilkesstraat183E,1095MDAmsterdam(Zeeburgereiland/NieuweDiep),"€1,800permonth",101m²,4rooms,Upholstered,
ApartmentEersteHugodeGrootstraat,1052KKAmsterdam(FrederikHendrikbuurt),"€2,300permonth",65m²,3rooms,Furnished,
ApartmentSchippersstraat,1011AZAmsterdam(Nieuwmarkt/Lastage),"€2,400permonth",115m²,4rooms,Upholstered,
ApartmentWildenborch75PP,1082KCAmsterdam(Buitenveldert-West),"€3,250permonth",135m²,4rooms,Upholstered,
ApartmentJacobCatskade,1052CBAmsterdam(Staatsliedenbuurt),"€2,650permonth",90m²,3rooms,Furnished,
ApartmentZeeburgerkade,1019HRAmsterdam(OostelijkHavengebied),"€2,000permonth",107m²,3rooms,Upholstered,
ApartmentCeintuurbaan,1074ECAmsterdam(NieuwePijp),"€2,450permonth",52m²,3rooms,Upholstered,
ApartmentNieuweAchtergracht,1018WNAmsterdam(Weesperbuurt/Plantage),"€2,000permonth",54m²,3rooms,Furnished,
ApartmentValeriusstraat60II,1071MLAmsterdam(Museumkwartier),"€3,950permonth",130m²,5rooms,Upholstered,
HouseJokeSmitstraat7,"1103DDAmsterdam(BijlmerOost(E,G,K))","€2,650permonth",133m²,6rooms,Furnished,
ApartmentBeethovenstraat,1077JWAmsterdam(Apollobuurt),"€2,250permonth",120m²,4rooms,Furnished,
ApartmentNieuweKerkstraat114A,1018VMAmsterdam(Weesperbuurt/Plantage),"€2,000permonth",75m²,2rooms,Furnished,
ApartmentLouisDavidsstraat,1068SJAmsterdam(Osdorp-Oost),"€2,250permonth",60m²,2rooms,,1985
StudioSingel,1012VGAmsterdam(Burgwallen-NieuweZijde),"€1,550permonth",33m²,1room,Furnished,
ApartmentBoomstraat23A,1015LAAmsterdam(Jordaan),"€3,850permonth",125m²,5rooms,Furnished,
ApartmentKinkerstraat132B,1053EEAmsterdam(Kinkerbuurt),"€1,500permonth",55m²,2rooms,,Before1906
ApartmentOeverpad199PP,1068PHAmsterdam(Osdorp-Oost),"€2,500permonth",124m²,4rooms,Furnished,
ApartmentHavikshorst,1083TTAmsterdam(Buitenveldert-Oost),"€1,600permonth",47m²,2rooms,,
ApartmentBramzeilhof6,1034LGAmsterdam(BanneBuiksloot),"€1,750permonth",75m²,3rooms,Furnished,
ApartmentSaxenburgerstraat121,1054KPAmsterdam(OvertoomseSluis),"€2,250permonth",65m²,2rooms,Furnished,
ApartmentDusartstraat411,1072HNAmsterdam(NieuwePijp),"€2,100permonth",55m²,3rooms,Furnished,
ApartmentJoosBanckersweg212,1056ERAmsterdam(Landlust),"€2,250permonth",80m²,2rooms,Furnished,
ApartmentSchierstins,1082TEAmsterdam(Buitenveldert-West),"€1,600permonth",63m²,3rooms,Furnished,
ApartmentKanaalstraat,1054XCAmsterdam(OvertoomseSluis),"€3,100permonth",130m²,3rooms,Upholstered,
ApartmentWeesperzijde,1091EJAmsterdam(Weesperzijde),"€2,500permonth",78m²,3rooms,Upholstered,
HouseLinnaeusparkweg,1098EPAmsterdam(Middenmeer),"€2,500permonth",111m²,3rooms,,1906-1930
ApartmentNieuweJonkerstraat,1011CMAmsterdam(Nieuwmarkt/Lastage),"€2,975permonth",91m²,4rooms,Furnished,
ApartmentHerengracht248A,1016BVAmsterdam(Grachtengordel-West),"€3,250permonth",151m²,3rooms,Furnished,
ApartmentSaxen-Weimarlaan20,1075CBAmsterdam(Willemspark),"€5,000permonth",170m²,6rooms,Furnished,
ApartmentTuinstraat1793,1015PCAmsterdam(Jordaan),"€3,500permonth",105m²,3rooms,Furnished,
ApartmentPapaverweg,1032KHAmsterdam(Volewijck),"€1,395permonth",40m²,2rooms,Upholstered,
ApartmentNieuwHerlaer,1083BCAmsterdam(Buitenveldert-Oost),"€2,350permonth",128m²,3rooms,,1960-1970
ApartmentUtrechtsedwarsstraat,1017WGAmsterdam(DeWeteringschans),"€3,250permonth",98m²,4rooms,Furnished,
ApartmentKuipersstraat,1073ERAmsterdam(NieuwePijp),"€2,400permonth",53m²,3rooms,Furnished,
ApartmentHerculesstraat,1076SMAmsterdam(Stadionbuurt),"€2,250permonth",65m²,3rooms,Furnished,
ApartmentPieterAertszstraat,1073SKAmsterdam(NieuwePijp),"€3,000permonth",60m²,3rooms,Upholstered,
ApartmentKarelduJardinstraat452,1072SGAmsterdam(NieuwePijp),"€2,200permonth",60m²,2rooms,Furnished,
ApartmentWillemFrederikHermansstraat69,1011DGAmsterdam(Nieuwmarkt/Lastage),"€3,750permonth",122m²,4rooms,Upholstered,
ApartmentPrinseneiland502L,1013LRAmsterdam(Haarlemmerbuurt),"€2,700permonth",110m²,3rooms,Furnished,
ApartmentNicolaasMaesstraat653,1071PRAmsterdam(Museumkwartier),"€2,500permonth",62m²,3rooms,,1906-1930
ApartmentBaarsjesweg2503,1058ABAmsterdam(WestindischeBuurt),"€2,500permonth",90m²,2rooms,Furnished,
HouseBalearenlaan82,1060TMAmsterdam(MiddelveldscheAkerpolder),"€2,500permonth",210m²,7rooms,Furnished,
ApartmentKoninginWilhelminaplein,1062KSAmsterdam(Westlandgracht),"€2,100permonth",80m²,3rooms,,2016
ApartmentRapenburgerstraat155D,1011VMAmsterdam(Nieuwmarkt/Lastage),"€2,200permonth",75m²,3rooms,Upholstered,
ApartmentEersteSweelinckstraat,1073CMAmsterdam(OudePijp),"€2,825permonth",98m²,4rooms,Furnished,
ApartmentReijnierVinkeleskade64D,1071SXAmsterdam(Museumkwartier),"€5,000permonth",120m²,4rooms,Upholstered,
ApartmentWaldeckPyrmontlaan4IV,1075BVAmsterdam(Willemspark),"€3,500permonth",120m²,3rooms,,1906-1930
ApartmentHagedoornplein20,1031BVAmsterdam(Volewijck),"€4,000permonth",141m²,5rooms,Upholstered,
ApartmentOmval,1096AAAmsterdam(Omval/Overamstel),"€2,250permonth",97m²,3rooms,Upholstered,
ApartmentBinnenkant,1011BRAmsterdam(Nieuwmarkt/Lastage),"€1,750permonth",63m²,2rooms,,Before1906
ApartmentKalkmarkt,1011BCAmsterdam(Nieuwmarkt/Lastage),"€2,995permonth",125m²,5rooms,Furnished,
ApartmentKalkmarkt,1011BCAmsterdam(Nieuwmarkt/Lastage),"€2,350permonth",95m²,3rooms,Furnished,
ApartmentDeClercqstraat,1052NHAmsterdam(DaCostabuurt),"€2,150permonth",67m²,1room,Furnished,
StudioWindjammerdijk,1086VCAmsterdam(IJburgWest),"€1,600permonth",65m²,1room,Furnished,
ApartmentCliostraat,1077KAAmsterdam(Apollobuurt),"€2,250permonth",70m²,3rooms,Furnished,
ApartmentHoofdweg,1055SCAmsterdam(DeKolenkit),"€2,150permonth",100m²,3rooms,Furnished,
ApartmentWillemFrederikHermansstraat,1011DGAmsterdam(Nieuwmarkt/Lastage),"€5,000permonth",170m²,5rooms,Furnished,
ApartmentFalckstraat493,1017VVAmsterdam(DeWeteringschans),"€3,500permonth",140m²,4rooms,Upholstered,
ApartmentWillemFrederikHermansstraat,1011DGAmsterdam(Nieuwmarkt/Lastage),"€2,150permonth",68m²,2rooms,Furnished,
ApartmentEersteNassaustraat,1052BHAmsterdam(Staatsliedenbuurt),"€2,950permonth",100m²,3rooms,Furnished,
ApartmentRidderspoorweg,1032LLAmsterdam(NoordelijkeIJ-oeversWest),"€3,250permonth",98m²,3rooms,Furnished,
ApartmentDusartstraat,1072HTAmsterdam(NieuwePijp),"€2,150permonth",67m²,2rooms,Upholstered,
ApartmentJanvanDuivenvoordestraat157,1067MTAmsterdam(Geuzenveld),"€2,100permonth",94m²,3rooms,Furnished,
ApartmentKoninginneweg2252,1075CSAmsterdam(Willemspark),"€3,450permonth",75m²,3rooms,Furnished,
ApartmentAugustAllebéplein195,1062ABAmsterdam(OvertoomseVeld),"€1,495permonth",53m²,3rooms,Upholstered,
ApartmentAugustAllebéplein105,1062ABAmsterdam(OvertoomseVeld),"€1,495permonth",53m²,3rooms,Upholstered,
ApartmentZocherstraat124,1054LXAmsterdam(OvertoomseSluis),"€2,295permonth",90m²,4rooms,,1906-1930
ApartmentCéramiquelaan,1031KGAmsterdam(NoordelijkeIJ-oeversWest),"€2,350permonth",70m²,3rooms,Upholstered,
ApartmentRosmarijnsteeg,1012RPAmsterdam(Burgwallen-NieuweZijde),"€2,100permonth",50m²,2rooms,Furnished,
ApartmentErtskade178,1019BBAmsterdam(OostelijkHavengebied),"€1,775permonth",78m²,3rooms,Upholstered,
ApartmentStadionweg37III,1077RWAmsterdam(Apollobuurt),"€6,250permonth",232m²,6rooms,Upholstered,
ApartmentBoutenburg231,1068ZEAmsterdam(Osdorp-Oost),"€2,500permonth",65m²,3rooms,Furnished,
ApartmentOvertoom216IV,1054HZAmsterdam(Helmersbuurt),"€1,950permonth",65m²,2rooms,Upholstered,
ApartmentRijnstraat,1078PWAmsterdam(IJselbuurt),"€2,650permonth",72m²,3rooms,Upholstered,
ApartmentBellamystraat,1053BGAmsterdam(Kinkerbuurt),"€3,950permonth",100m²,4rooms,,
ApartmentDerdeHugodeGrootstraat,1052LKAmsterdam(FrederikHendrikbuurt),"€1,850permonth",51m²,2rooms,Upholstered,
ApartmentKastanjeweg2HS,1092CEAmsterdam(Oosterparkbuurt),"€3,250permonth",130m²,4rooms,,
ApartmentEersteHelmersstraat2384,1054ERAmsterdam(OvertoomseSluis),"€1,950permonth",50m²,2rooms,Upholsteredorfurnished,
ApartmentRubensstraat,1077MVAmsterdam(Apollobuurt),"€3,750permonth",127m²,5rooms,Furnished,
ApartmentFaasWilkesstraat161A,1095MDAmsterdam(Zeeburgereiland/NieuweDiep),"€1,395permonth",73m²,2rooms,Shell,
ApartmentSingel,1017AXAmsterdam(Grachtengordel-Zuid),"€1,850permonth",52m²,2rooms,Upholstered,
ApartmentIJburglaan883,1087ENAmsterdam(IJburgWest),"€2,500permonth",123m²,4rooms,Upholstered,
ApartmentBurmanstraat,1091SKAmsterdam(Weesperzijde),"€1,795permonth",50m²,2rooms,Furnished,
ApartmentHemonystraat1II,1074BKAmsterdam(OudePijp),"€2,750permonth",110m²,4rooms,Upholstered,
ApartmentSlotermeerlaan,1064GZAmsterdam(Slotermeer-Zuidwest),"€1,700permonth",75m²,2rooms,Furnished,
ApartmentSingel1033,1012VGAmsterdam(Burgwallen-NieuweZijde),"€2,500permonth",110m²,3rooms,Furnished,
ApartmentJulianavanStolbergstraat,1055RMAmsterdam(Landlust),"€3,750permonth",52m²,3rooms,Furnished,
ApartmentPrinsHendriklaan38D,1075BDAmsterdam(Willemspark),"€2,350permonth",100m²,3rooms,Upholsteredorfurnished,
ApartmentBilderdijkstraat,1052NAAmsterdam(DaCostabuurt),"€2,250permonth",80m²,3rooms,Upholstered,
ApartmentAmstelkade,1078BAAmsterdam(Scheldebuurt),"€2,700permonth",104m²,4rooms,,1929
ApartmentSarphatistraat678,1018AVAmsterdam(OostelijkeEilanden/Kadijken),"€2,200permonth",75m²,3rooms,Furnished,
ApartmentGeorgeSandstraat2,"1102AGAmsterdam(BijlmerCentrum(D,F,H))","€1,750permonth",54m²,2rooms,Upholsteredorfurnished,
ApartmentTermini331,1025XMAmsterdam(Buikslotermeer),"€1,420permonth",73m²,3rooms,Upholstered,
ApartmentTermini167,1025XMAmsterdam(Buikslotermeer),"€1,230permonth",53m²,2rooms,Upholstered,
ApartmentVrijheidslaan113,1079KAAmsterdam(Rijnbuurt),"€2,750permonth",100m²,4rooms,Furnished,
ApartmentHerengracht369,1016BBAmsterdam(Grachtengordel-West),"€3,750permonth",133m²,6rooms,,1735
ApartmentTermini41,1025XMAmsterdam(Buikslotermeer),"€1,210permonth",53m²,2rooms,Shell,
ApartmentTommasoAlbinonistraat1642pp,1083HMAmsterdam(Zuidas),"€7,750permonth",177m²,3rooms,Furnished,
StudioSchaarsbergenstraat39,1107JSAmsterdam(Holendrecht/Reigersbos),"€1,200permonth",34m²,1room,Furnished,
ApartmentRidderspoorweg157,1032LLAmsterdam(NoordelijkeIJ-oeversWest),"€2,400permonth",72m²,1room,Upholsteredorfurnished,
ApartmentScheldestraat,1078GEAmsterdam(Scheldebuurt),"€2,500permonth",89m²,4rooms,Upholstered,
ApartmentGaaspstraat251,1079VBAmsterdam(Rijnbuurt),"€2,000permonth",51m²,3rooms,Upholstered,
ApartmentReguliersdwarsstraat2III,1017BMAmsterdam(Grachtengordel-Zuid),"€1,800permonth",55m²,2rooms,Upholstered,
ApartmentZeelandstraat601,1082BZAmsterdam(Buitenveldert-West),"€2,400permonth",110m²,6rooms,Upholstered,
ApartmentEntrepothof100,1019DLAmsterdam(OostelijkHavengebied),"€1,850permonth",80m²,3rooms,Upholstered,
ApartmentJavakade,1019SCAmsterdam(OostelijkHavengebied),"€1,900permonth",102m²,3rooms,Furnished,
ApartmentJohannesVerhulststraat,1075HBAmsterdam(Willemspark),"€5,850permonth",245m²,9rooms,Upholstered,
ApartmentRapenburgerstraat,1011VMAmsterdam(Nieuwmarkt/Lastage),"€3,250permonth",125m²,4rooms,Upholstered,
ApartmentJanvanDuivenvoordestraat119,1067MTAmsterdam(Geuzenveld),"€1,900permonth",95m²,4rooms,Furnished,
ApartmentGustavMahlerlaan,1082MEAmsterdam(Zuidas),"€3,950permonth",112m²,3rooms,Furnished,
ApartmentPrinsengracht,1017KKAmsterdam(DeWeteringschans),"€4,500permonth",185m²,6rooms,Upholstered,
ApartmentRooseveltlaan402,1078NKAmsterdam(Scheldebuurt),"€3,500permonth",128m²,5rooms,Upholstered,
ApartmentRuysdaelstraat,1071WZAmsterdam(Museumkwartier),"€2,300permonth",66m²,3rooms,Upholstered,
ApartmentOrteliuskade,1057AHAmsterdam(Hoofdwege.o.),"€1,725permonth",62m²,3rooms,Furnished,
ApartmentLeidsekade102D,1017PPAmsterdam(DeWeteringschans),"€4,500permonth",141m²,3rooms,Furnished,
ApartmentPrinsengracht17C,1015DKAmsterdam(Grachtengordel-West),"€2,300permonth",80m²,4rooms,Upholstered,
ApartmentWeteringschans,1017RWAmsterdam(DeWeteringschans),"€2,200permonth",70m²,3rooms,Upholstered,
ApartmentBankastraat,1094EBAmsterdam(IndischeBuurtWest),"€1,600permonth",60m²,2rooms,,1900
ApartmentErtskade22,1019BBAmsterdam(OostelijkHavengebied),"€2,400permonth",138m²,4rooms,Upholstered,
ApartmentOudeschans7D,1011KPAmsterdam(Nieuwmarkt/Lastage),"€2,950permonth",90m²,3rooms,Upholstered,
ApartmentOsdorpplein,1068TDAmsterdam(Osdorp-Oost),"€1,650permonth",65m²,2rooms,,2021-2030
HouseLeidsegracht,1016CPAmsterdam(Grachtengordel-West),"€6,000permonth",201m²,6rooms,,
ApartmentReyerAnslostraat19hs,1054KTAmsterdam(OvertoomseSluis),"€2,850permonth",103m²,3rooms,,
ApartmentVolewijkshof33,1031AGAmsterdam(Volewijck),"€1,600permonth",75m²,3rooms,,
ApartmentOphemerthof,1106VSAmsterdam(Holendrecht/Reigersbos),"€1,600permonth",60m²,3rooms,Furnished,
ApartmentKastelenstraat3073,1082EHAmsterdam(Buitenveldert-West),"€1,650permonth",75m²,3rooms,,1961
ApartmentRijnstraat,1078RBAmsterdam(IJselbuurt),"€1,250permonth",35m²,2rooms,,1922
ApartmentLorreinenstraat8H,1055CZAmsterdam(Erasmuspark),"€2,150permonth",85m²,3rooms,Furnished,
ApartmentKoninginneweg,1075EEAmsterdam(Willemspark),"€2,950permonth",90m²,3rooms,,1912
ApartmentBarentszplein,1013NJAmsterdam(Spaarndammer-enZeeheldenbuurt),"€2,500permonth",83m²,2rooms,Furnished,
ApartmentSassenheimstraat65C,1059BDAmsterdam(Hoofddorppleinbuurt),"€3,750permonth",115m²,5rooms,Upholstered,
ApartmentKuipersstraat,1074EKAmsterdam(NieuwePijp),"€2,950permonth",77m²,3rooms,Upholstered,
ApartmentAdmiraalDeRuijterweg,1055MVAmsterdam(Landlust),"€3,975permonth",110m²,5rooms,,
ApartmentJanEvertsenstraat,1056EGAmsterdam(VanGalenbuurt),"€1,595permonth",49m²,3rooms,Upholstered,
ApartmentCornelisVermuydenstraat,1018RNAmsterdam(OostelijkeEilanden/Kadijken),"€2,200permonth",75m²,3rooms,Furnished,
ApartmentVanSpilbergenstraat,1057RJAmsterdam(Hoofdwege.o.),"€1,850permonth",55m²,3rooms,Upholsteredorfurnished,
ApartmentDerdeHelmersstraat,1054BMAmsterdam(Helmersbuurt),"€4,000permonth",122m²,4rooms,Upholstered,
ApartmentOostenburgergracht57B,1018NBAmsterdam(OostelijkeEilanden/Kadijken),"€2,650permonth",80m²,3rooms,Furnished,
HouseLijnbaansgracht,1015GSAmsterdam(Jordaan),"€2,300permonth",57m²,3rooms,Furnished,
ApartmentFransvanMierisstraat,1071RVAmsterdam(Museumkwartier),"€3,750permonth",107m²,4rooms,Upholstered,
HousePlantageMuidergracht,1018TMAmsterdam(Weesperbuurt/Plantage),"€1,850permonth",55m²,2rooms,,1906-1930
ApartmentKerkstraat,1017HXAmsterdam(Grachtengordel-Zuid),"€2,500permonth",70m²,3rooms,Furnished,
ApartmentEersteHelmersstraat2892,1054EAAmsterdam(OvertoomseSluis),"€3,100permonth",70m²,3rooms,Furnished,
ApartmentMercatorstraat383,1056RHAmsterdam(VanGalenbuurt),"€1,850permonth",65m²,3rooms,Furnished,
ApartmentAlbertCuypstraat,1073BKAmsterdam(OudePijp),"€2,145permonth",70m²,2rooms,Furnished,
ApartmentGustavMahlerlaan931,1082MKAmsterdam(Zuidas),"€3,400permonth",110m²,3rooms,Furnished,
ApartmentMeerenVaart38C,1068ZZAmsterdam(Osdorp-Oost),"€1,910permonth",166m²,4rooms,,2006
ApartmentSpinozastraat,1018HJAmsterdam(Weesperbuurt/Plantage),"€3,450permonth",140m²,5rooms,Furnished,
ApartmentOvertoom,1054JDAmsterdam(Helmersbuurt),"€2,500permonth",87m²,3rooms,Upholstered,
HouseLeidsegracht,1017NCAmsterdam(DeWeteringschans),"€2,000permonth",120m²,3rooms,Upholstered,
HouseHerengracht315,1016AVAmsterdam(Grachtengordel-West),"€3,250permonth",170m²,4rooms,Upholstered,
ApartmentBrouwersgracht75G,1015GCAmsterdam(Grachtengordel-West),"€2,850permonth",138m²,3rooms,,Before1906
HousePythagorasstraat,1098GBAmsterdam(Middenmeer),"€3,250permonth",106m²,4rooms,Upholstered,
ApartmentCeintuurbaan,1074CZAmsterdam(OudePijp),"€3,250permonth",178m²,5rooms,,
ApartmentJavastraat,1094HNAmsterdam(IndischeBuurtWest),"€1,750permonth",46m²,2rooms,Furnished,
ApartmentPieterCalandlaan,1060TXAmsterdam(MiddelveldscheAkerpolder),"€2,250permonth",96m²,4rooms,Furnished,
ApartmentMarnixstraat1983,1016TJAmsterdam(Jordaan),"€2,850permonth",119m²,3rooms,Furnished,
ApartmentHerengracht,1015BKAmsterdam(Grachtengordel-West),"€2,000permonth",60m²,2rooms,Furnished,
ApartmentLauriergracht92H,1016RNAmsterdam(Jordaan),"€4,350permonth",150m²,5rooms,Furnished,
ApartmentHerengracht,1016BHAmsterdam(Grachtengordel-West),"€2,850permonth",123m²,3rooms,Furnished,
ApartmentVanWalbeeckstraat,1058CXAmsterdam(WestindischeBuurt),"€1,700permonth",59m²,3rooms,Upholstered,
ApartmentAdmiraalDeRuijterweg893,1056ETAmsterdam(Geuzenbuurt),"€1,800permonth",63m²,2rooms,Furnished,
HouseSingel377,1012WLAmsterdam(Burgwallen-NieuweZijde),"€3,450permonth",115m²,4rooms,Upholsteredorfurnished,
ApartmentEersteHelmersstraat,1054DZAmsterdam(OvertoomseSluis),"€2,000permonth",62m²,2rooms,Furnished,
ApartmentPoeldijkstraat357PP,1059VLAmsterdam(Westlandgracht),"€3,750permonth",115m²,4rooms,Upholstered,
ApartmentAdmiraliteitstraat,1018KPAmsterdam(OostelijkeEilanden/Kadijken),"€1,675permonth",60m²,2rooms,Upholstered,
ApartmentAlbertCuypstraat,1072CRAmsterdam(OudePijp),"€2,300permonth",50m²,3rooms,Furnished,
HouseWillemskerkestraat,1069AAAmsterdam(Osdorp-Midden),"€2,995permonth",138m²,7rooms,Furnished,
ApartmentBilderdijkstraat,1053KNAmsterdam(DaCostabuurt),"€2,650permonth",120m²,3rooms,Upholstered,
HouseAmelandstraat,1025RKAmsterdam(TuindorpBuiksloot),"€2,100permonth",141m²,4rooms,Furnished,
ApartmentValkenburgerstraat132F,1011NAAmsterdam(Nieuwmarkt/Lastage),"€3,150permonth",95m²,3rooms,Furnished,
ApartmentWarmoesstraat50Y,1012JEAmsterdam(Burgwallen-OudeZijde),"€2,150permonth",50m²,2rooms,Upholsteredorfurnished,
ApartmentKeizersgracht634L,1017ERAmsterdam(Grachtengordel-Zuid),"€1,950permonth",65m²,2rooms,Furnished,
ApartmentGeorgeGershwinlaan46,1082MTAmsterdam(Zuidas),"€3,250permonth",80m²,3rooms,Furnished,
ApartmentAlbatrospad1427,1021TRAmsterdam(IJplein/Vogelbuurt),"€2,950permonth",130m²,3rooms,Furnished,
ApartmentKromme-Mijdrechtstraat,1079KPAmsterdam(Rijnbuurt),"€2,950permonth",75m²,3rooms,Upholstered,
ApartmentPlantageMuidergracht554,1018TMAmsterdam(Weesperbuurt/Plantage),"€1,990permonth",65m²,2rooms,Upholsteredorfurnished,
ApartmentOostenburgervoorstraat,1018MNAmsterdam(OostelijkeEilanden/Kadijken),"€2,975permonth",130m²,4rooms,Furnished,
ApartmentLindengracht,1015KJAmsterdam(Jordaan),"€4,000permonth",210m²,6rooms,Upholstered,
HouseGenhoes4,1082BCAmsterdam(Buitenveldert-West),"€14,000permonth",342m²,8rooms,Upholstered,
ApartmentMinervalaan33H,1077NLAmsterdam(Apollobuurt),"€4,450permonth",164m²,7rooms,Upholstered,
ApartmentBellaVistastraat,1096GMAmsterdam(Omval/Overamstel),"€3,250permonth",116m²,4rooms,Furnished,
ApartmentMaartenJansz.Kosterstraat,1017VZAmsterdam(DeWeteringschans),"€2,950permonth",115m²,4rooms,Furnished,
StudioFerdinandBolstraat,1072LJAmsterdam(OudePijp),"€1,800permonth",40m²,1room,,
ApartmentSaxenburgerstraat,1054KMAmsterdam(OvertoomseSluis),"€3,250permonth",116m²,4rooms,Furnished,
ApartmentNieuweLeliestraat,1015SXAmsterdam(Jordaan),"€2,450permonth",73m²,2rooms,Furnished,
ApartmentKromme-Mijdrechtstraat,1079KPAmsterdam(Rijnbuurt),"€2,350permonth",80m²,2rooms,Furnished,
ApartmentVanTuyllvanSerooskerkenweg621,1076JNAmsterdam(Stadionbuurt),"€2,400permonth",80m²,3rooms,Furnished,
ApartmentBrouwersgracht,1013HCAmsterdam(Haarlemmerbuurt),"€3,000permonth",101m²,3rooms,Furnished,
ApartmentJ.F.vanHengelstraat,1019DCAmsterdam(OostelijkHavengebied),"€2,795permonth",140m²,3rooms,Upholstered,
HouseKeverberg,1082BDAmsterdam(Buitenveldert-West),"€3,950permonth",170m²,5rooms,Upholstered,
ApartmentArentJanszoonErnststraat43,1083GPAmsterdam(Buitenveldert-Oost),"€2,950permonth",135m²,4rooms,Furnished,
ApartmentAmstel,1018ESAmsterdam(Weesperbuurt/Plantage),"€3,250permonth",82m²,3rooms,Furnished,
ApartmentVierwindenstraat,1013LAAmsterdam(Haarlemmerbuurt),"€7,500permonth",236m²,9rooms,Furnished,
HouseAdriënneSolserhof2,1087MTAmsterdam(IJburgZuid),"€3,750permonth",176m²,4rooms,Upholstered,
ApartmentVenetiëhof67,1019NBAmsterdam(OostelijkHavengebied),"€2,250permonth",102m²,4rooms,Furnished,
ApartmentPrinsengracht1069,1017JGAmsterdam(Grachtengordel-Zuid),"€3,750permonth",142m²,3rooms,Upholstered,
ApartmentAnnaBlamansingel,"1102STAmsterdam(BijlmerCentrum(D,F,H))","€2,450permonth",102m²,3rooms,,2006
ApartmentGroteBickersstraat23H,1013KNAmsterdam(Haarlemmerbuurt),"€2,200permonth",62m²,2rooms,Furnished,
ApartmentGelrestraat,1079MZAmsterdam(Scheldebuurt),"€1,725permonth",55m²,2rooms,,2015
ApartmentEefKamerbeekstraat302,1095MPAmsterdam(Zeeburgereiland/NieuweDiep),"€2,500permonth",126m²,4rooms,Upholstered,
ApartmentRapenburgerstraat,1011MKAmsterdam(Nieuwmarkt/Lastage),"€2,350permonth",90m²,3rooms,Furnished,
ApartmentHofgeest15,"1102EAAmsterdam(BijlmerCentrum(D,F,H))","€1,450permonth",90m²,4rooms,Upholstered,
ApartmentKribbestraat,1079WVAmsterdam(Rijnbuurt),"€2,150permonth",58m²,3rooms,Upholstered,
ApartmentAmstelveenseweg,1075XRAmsterdam(Schinkelbuurt),"€2,500permonth",92m²,4rooms,Furnished,
ApartmentVierwindenstraat,1013CWAmsterdam(Haarlemmerbuurt),"€2,300permonth",95m²,3rooms,Upholsteredorfurnished,
ApartmentCornelisSchuytstraat,1071JHAmsterdam(Museumkwartier),"€4,250permonth",142m²,4rooms,,
ApartmentWilhelminastraat,1054WSAmsterdam(OvertoomseSluis),"€1,950permonth",75m²,2rooms,Furnished,
ApartmentVrijheidslaan752,1079KGAmsterdam(Rijnbuurt),"€2,500permonth",65m²,3rooms,,1921
ApartmentKorteKoningsstraat14bgg,1011GAAmsterdam(Nieuwmarkt/Lastage),"€2,100permonth",120m²,2rooms,Furnished,
ApartmentNieuweOostenburgerstraat1D,1018MBAmsterdam(OostelijkeEilanden/Kadijken),"€3,000permonth",120m²,5rooms,,
ApartmentVeembroederhof177,1019HDAmsterdam(OostelijkHavengebied),"€3,000permonth",146m²,3rooms,Furnished,
ApartmentOkeghemstraat35,1075PLAmsterdam(Willemspark),"€3,950permonth",120m²,4rooms,,
ApartmentSilodam,1013AWAmsterdam(Houthavens),"€2,950permonth",135m²,5rooms,Furnished,
ApartmentHoofdweg,1058BCAmsterdam(WestindischeBuurt),"€3,250permonth",155m²,6rooms,Upholstered,
ApartmentKortePrinsengracht46A,1013GTAmsterdam(Haarlemmerbuurt),"€4,675permonth",170m²,5rooms,,
ApartmentFransvanMierisstraat,1071RRAmsterdam(Museumkwartier),"€2,750permonth",100m²,3rooms,Furnished,
HouseOostenburgervoorstraat,1018MNAmsterdam(OostelijkeEilanden/Kadijken),"€2,000permonth",110m²,4rooms,,2011-2020
ApartmentMarcusstraat117,1091TJAmsterdam(Weesperzijde),"€2,750permonth",117m²,4rooms,Furnished,
ApartmentKalkmarkt,1011BCAmsterdam(Nieuwmarkt/Lastage),"€1,795permonth",45m²,2rooms,Furnished,
ApartmentVanHallstraat,1051GXAmsterdam(Staatsliedenbuurt),"€2,150permonth",50m²,2rooms,Furnished,
ApartmentMarskramerstraat,1033WGAmsterdam(Oostzanerwerf),"€3,200permonth",196m²,6rooms,,2007
ApartmentAlbertCuypstraat,1072CNAmsterdam(OudePijp),"€2,600permonth",100m²,3rooms,Upholstered,
ApartmentKeizersgracht,1017ESAmsterdam(Grachtengordel-Zuid),"€2,750permonth",78m²,2rooms,Furnished,
ApartmentKeizersgracht,1017ESAmsterdam(Grachtengordel-Zuid),"€2,750permonth",80m²,2rooms,Furnished,
ApartmentPieterdeHoochstraat,1071EDAmsterdam(Museumkwartier),"€3,700permonth",130m²,3rooms,Furnished,
HouseEefKamerbeekpad1,1095MZAmsterdam(Zeeburgereiland/NieuweDiep),"€3,500permonth",160m²,5rooms,Upholsteredorfurnished,
ApartmentHogewerf,1082NGAmsterdam(Buitenveldert-Oost),"€2,250permonth",85m²,2rooms,Furnished,
ApartmentVätternkade,1060PKAmsterdam(MiddelveldscheAkerpolder),"€2,450permonth",120m²,4rooms,Upholsteredorfurnished,
HouseAkerpolderstraat,1066ETAmsterdam(Sloter-/Riekerpolder),"€3,300permonth",169m²,6rooms,Upholstered,
HousePijlkruidstraat1,1087CEAmsterdam(IJburgWest),"€2,750permonth",135m²,5rooms,Upholstered,
ApartmentRieMastenbroekstraat47,1095MJAmsterdam(Zeeburgereiland/NieuweDiep),"€1,750permonth",70m²,3rooms,Upholsteredorfurnished,
ApartmentDerdeSchinkelstraat4A,1075TLAmsterdam(Schinkelbuurt),"€2,650permonth",70m²,4rooms,Upholstered,
ApartmentTweedeJanvanderHeijdenstraat3H,1073VEAmsterdam(OudePijp),"€6,000permonth",149m²,5rooms,Furnished,
ApartmentKeizersgracht,1017DLAmsterdam(Grachtengordel-Zuid),"€3,450permonth",120m²,3rooms,Furnished,
ApartmentGalileïplantsoen,1098NCAmsterdam(Middenmeer),"€3,500permonth",140m²,4rooms,Upholstered,
ApartmentH.Diesveldsingel,1060RLAmsterdam(MiddelveldscheAkerpolder),"€1,750permonth",100m²,3rooms,Furnished,
ApartmentBorneostraat,1094CJAmsterdam(IndischeBuurtWest),"€2,200permonth",107m²,3rooms,Furnished,
ApartmentJanvanGalenstraat1831,1056BSAmsterdam(VanGalenbuurt),"€1,650permonth",50m²,2rooms,Upholstered,
ApartmentCéramiquelaan,1031KGAmsterdam(NoordelijkeIJ-oeversWest),"€4,000permonth",110m²,4rooms,Furnished,
ApartmentNieuwezijdsVoorburgwal255,1012RLAmsterdam(Burgwallen-NieuweZijde),"€2,650permonth",111m²,3rooms,Upholstered,
ApartmentHaparandaweg,1013BDAmsterdam(Houthavens),"€1,750permonth",50m²,2rooms,Furnished,
ApartmentLucellestraat,1055HXAmsterdam(Landlust),"€2,000permonth",59m²,3rooms,Upholstered,
ApartmentJacobvanLennepkade,1054ZGAmsterdam(Helmersbuurt),"€1,950permonth",56m²,2rooms,Furnished,
ApartmentVanTuyllvanSerooskerkenweg1103,1076JRAmsterdam(Stadionbuurt),"€3,850permonth",125m²,5rooms,Furnished,
ApartmentCornelisSchuytstraat252+3,1071JDAmsterdam(Museumkwartier),"€3,950permonth",150m²,4rooms,Upholstered,
ApartmentNieuweLeliestraat,1015SPAmsterdam(Jordaan),"€2,750permonth",73m²,3rooms,Furnished,
ApartmentGrootzeil,1034LVAmsterdam(BanneBuiksloot),"€2,250permonth",93m²,4rooms,Furnished,
HouseJohannesVerhulststraat151H,1075GWAmsterdam(Willemspark),"€11,000permonth",255m²,10rooms,Upholstered,
ApartmentS.F.vanOssstraat,1068JNAmsterdam(Osdorp-Oost),"€1,550permonth",55m²,2rooms,Furnished,
ApartmentSarphatipark,1073CZAmsterdam(NieuwePijp),"€3,000permonth",88m²,3rooms,Upholstered,
ApartmentGeldersekade45A,1011EJAmsterdam(Nieuwmarkt/Lastage),"€1,600permonth",46m²,1room,,1735
ApartmentSingel436E,1017AVAmsterdam(Grachtengordel-Zuid),"€3,250permonth",140m²,3rooms,Upholsteredorfurnished,
HouseSchapenburgerpad20,1071ZAAmsterdam(Museumkwartier),"€4,000permonth",198m²,6rooms,Upholsteredorfurnished,
ApartmentPrinsengracht6894,1017JVAmsterdam(Grachtengordel-Zuid),"€2,250permonth",65m²,2rooms,Furnished,
ApartmentKorteOuderkerkerdijk1C1,1096ACAmsterdam(Omval/Overamstel),"€3,850permonth",139m²,3rooms,,2021
ApartmentGustavMahlerlaan359,1082MKAmsterdam(Zuidas),"€5,850permonth",132m²,3rooms,Upholsteredorfurnished,
ApartmentNassaukade123III,1052ECAmsterdam(FrederikHendrikbuurt),"€3,250permonth",108m²,4rooms,,1910
ApartmentGustavMahlerplein285PH,1082MSAmsterdam(Zuidas),"€8,000permonth",193m²,4rooms,Furnished,
ApartmentNieuwePrinsengracht,1018XHAmsterdam(Weesperbuurt/Plantage),"€1,950permonth",90m²,2rooms,Furnished,
ApartmentRustenburgerstraat146A20,1073GJAmsterdam(NieuwePijp),"€2,300permonth",55m²,3rooms,Furnished,
ApartmentValeriusplein263,1075BHAmsterdam(Willemspark),"€4,000permonth",85m²,3rooms,Furnished,
ApartmentTweedeJanSteenstraat25H,1073VLAmsterdam(OudePijp),"€2,675permonth",83m²,3rooms,Furnished,
ApartmentPieterCornelisz.Hooftstraat,1071BMAmsterdam(Museumkwartier),"€2,750permonth",70m²,3rooms,,1904
ApartmentVanBaerlestraat143,1071AWAmsterdam(Museumkwartier),"€2,800permonth",162m²,4rooms,Upholstered,
ApartmentTommasoAlbinonistraat166,1083HMAmsterdam(Zuidas),"€5,000permonth",197m²,5rooms,Upholstered,
ApartmentDenTexstraat8B,1017ZAAmsterdam(DeWeteringschans),"€3,950permonth",126m²,3rooms,Furnished,
ApartmentPapaverweg,1032KHAmsterdam(Volewijck),"€1,395permonth",40m²,2rooms,Upholstered,
ApartmentJohannesVerhulststraat,1071NEAmsterdam(Museumkwartier),"€3,200permonth",135m²,5rooms,Upholstered,
HousePrinseneiland59,1013LMAmsterdam(Haarlemmerbuurt),"€2,950permonth",120m²,3rooms,Furnished,
ApartmentNieuwendijk,1012MPAmsterdam(Burgwallen-NieuweZijde),"€3,000permonth",92m²,3rooms,Furnished,
ApartmentRechtBoomssloot14E,1011EAAmsterdam(Nieuwmarkt/Lastage),"€3,950permonth",145m²,4rooms,Furnished,
ApartmentKeizersgracht391E,1016EJAmsterdam(Grachtengordel-West),"€2,700permonth",109m²,4rooms,Upholstered,
HouseLeTourmalet26,1060NXAmsterdam(MiddelveldscheAkerpolder),"€2,000permonth",134m²,4rooms,Upholstered,
ApartmentRuysdaelkade15II,1072AGAmsterdam(OudePijp),"€3,450permonth",101m²,4rooms,Upholstered,
ApartmentLeliegracht25B,1016GRAmsterdam(Grachtengordel-West),"€2,850permonth",92m²,3rooms,,
ApartmentBilderdijkkade,1053VKAmsterdam(VanLennepbuurt),"€2,700permonth",115m²,2rooms,Furnished,
ApartmentSolitudolaan,1096DSAmsterdam(Omval/Overamstel),"€6,500permonth",204m²,7rooms,,
ApartmentBloemstraat13B,1016KVAmsterdam(Jordaan),"€2,850permonth",78m²,3rooms,Furnished,
ApartmentTollensstraat63C,1053RSAmsterdam(Kinkerbuurt),"€1,550permonth",40m²,2rooms,,1906-1930
ApartmentVincentvanGoghstraat,1072KZAmsterdam(NieuwePijp),"€1,500permonth",50m²,2rooms,,1923
ApartmentP.HansFrankfurthersingel,1060TNAmsterdam(MiddelveldscheAkerpolder),"€1,650permonth",78m²,3rooms,,2004
ApartmentBaarsjesweg,1058ADAmsterdam(WestindischeBuurt),"€2,500permonth",50m²,2rooms,Furnished,
ApartmentRooseveltlaan,1079ABAmsterdam(Scheldebuurt),"€2,800permonth",143m²,5rooms,Upholstered,
ApartmentHaparandaweg,1013BDAmsterdam(Houthavens),"€1,488permonth",49m²,1room,,2022
ApartmentOsdorpplein,1068TDAmsterdam(Osdorp-Oost),"€1,900permonth",73m²,3rooms,,2021-2030
ApartmentRustenburgerstraat145,1073EXAmsterdam(NieuwePijp),"€2,450permonth",87m²,3rooms,Upholstered,
ApartmentHerengracht5793,1017CDAmsterdam(Grachtengordel-Zuid),"€3,950permonth",110m²,3rooms,Upholsteredorfurnished,
ApartmentIJburglaan,1087CEAmsterdam(IJburgWest),"€2,600permonth",110m²,2rooms,Furnished,
ApartmentKoningslaan24II,1075ADAmsterdam(Willemspark),"€3,950permonth",83m²,3rooms,Upholstered,
ApartmentVanBoshuizenstraat,1082ARAmsterdam(Buitenveldert-Oost),"€2,450permonth",102m²,3rooms,Furnished,
ApartmentOsdorperBan,1069GAAmsterdam(Osdorp-Midden),"€2,195permonth",95m²,3rooms,Furnished,
ApartmentLeidsegracht,1016CRAmsterdam(Jordaan),"€2,950permonth",106m²,3rooms,Furnished,
ApartmentRijnstraat2221,1079HVAmsterdam(Rijnbuurt),"€2,250permonth",83m²,2rooms,,1934
ApartmentPlanciusstraat,1013MDAmsterdam(Haarlemmerbuurt),"€3,250permonth",157m²,3rooms,Furnished,
ApartmentDamstraat1E,1012JLAmsterdam(Burgwallen-OudeZijde),"€3,500permonth",100m²,3rooms,Furnished,
ApartmentNieuweKeizersgracht63A,1018VDAmsterdam(Weesperbuurt/Plantage),"€3,500permonth",140m²,5rooms,Furnished,
ApartmentKoningslaan24C,1075ADAmsterdam(Willemspark),"€3,950permonth",83m²,3rooms,Upholstered,
ApartmentWesterstraat,1015LZAmsterdam(Jordaan),"€1,950permonth",50m²,2rooms,Upholstered,
ApartmentKeizersgracht680II+III,1017ETAmsterdam(Grachtengordel-Zuid),"€3,950permonth",125m²,3rooms,,Before1906
ApartmentGeldersekade,1011EHAmsterdam(Burgwallen-OudeZijde),"€2,500permonth",70m²,3rooms,Upholsteredorfurnished,
ApartmentAlexanderBoersstraat31I,1071KVAmsterdam(Museumkwartier),"€2,500permonth",61m²,2rooms,Upholsteredorfurnished,
ApartmentKoninginneweg,1075CTAmsterdam(Willemspark),"€4,000permonth",147m²,4rooms,Furnished,
ApartmentBorneostraat,1094CJAmsterdam(IndischeBuurtWest),"€2,500permonth",142m²,4rooms,Upholstered,
ApartmentVoorthuizenstraat17,1106DJAmsterdam(Gein),"€1,950permonth",130m²,5rooms,Upholstered,
ApartmentSarphatistraat,1018GKAmsterdam(Weesperbuurt/Plantage),"€4,950permonth",142m²,5rooms,Furnished,
ApartmentRozengracht,1016SZAmsterdam(Jordaan),"€2,500permonth",80m²,2rooms,Furnished,
ApartmentSingel,1016ACAmsterdam(Grachtengordel-West),"€3,450permonth",105m²,4rooms,Furnished,
ApartmentGraafschapstraat,1079PEAmsterdam(Scheldebuurt),"€1,855permonth",73m²,3rooms,,2016
ApartmentHerengracht132C,1015BVAmsterdam(Grachtengordel-West),"€10,500permonth",190m²,4rooms,Upholsteredorfurnished,
ApartmentKeizersgracht114,1015CVAmsterdam(Grachtengordel-West),"€3,000permonth",80m²,4rooms,Furnished,
ApartmentJohannesVerhulststraat224H,1075HGAmsterdam(Willemspark),"€3,750permonth",140m²,5rooms,Upholstered,
HousePrinsengracht516,1017KJAmsterdam(DeWeteringschans),"€13,500permonth",536m²,5rooms,Upholstered,
ApartmentHerengracht,1015BTAmsterdam(Grachtengordel-West),"€2,150permonth",130m²,3rooms,Furnished,
ApartmentTweedeOosterparkstraat184H,1092BTAmsterdam(Oosterparkbuurt),"€2,100permonth",84m²,3rooms,Upholstered,
ApartmentRoerstraat,1078LLAmsterdam(Scheldebuurt),"€2,300permonth",75m²,3rooms,Furnished,
ApartmentGeschutswerf,1018AWAmsterdam(OostelijkeEilanden/Kadijken),"€3,495permonth",170m²,4rooms,Furnished,
ApartmentUiterwaardenstraat,1079DDAmsterdam(Scheldebuurt),"€3,250permonth",120m²,4rooms,Upholsteredorfurnished,
ApartmentOrteliusstraat2213,1056NRAmsterdam(VanGalenbuurt),"€1,850permonth",60m²,2rooms,Furnished,
HouseSimonStevinstraat33hs,1097BXAmsterdam(Frankendael),"€3,250permonth",138m²,5rooms,Upholstered,
ApartmentOlympiaplein19BV,1077CKAmsterdam(Apollobuurt),"€4,500permonth",200m²,6rooms,Upholstered,
ApartmentJanLuijkenstraat,1071CSAmsterdam(Museumkwartier),"€5,000permonth",236m²,4rooms,Furnished,
ApartmentVanBaerlestraat72D,1071BAAmsterdam(Museumkwartier),"€3,500permonth",150m²,3rooms,Upholstered,
ApartmentMinervalaan,1077PKAmsterdam(Apollobuurt),"€3,950permonth",140m²,3rooms,Upholstered,
ApartmentKeizersgracht734C,1017EWAmsterdam(Grachtengordel-Zuid),"€3,250permonth",136m²,3rooms,Upholstered,
ApartmentVossiusstraat39hs,1071AHAmsterdam(Museumkwartier),"€6,500permonth",260m²,7rooms,Upholstered,
ApartmentHerengracht,1017CDAmsterdam(Grachtengordel-Zuid),"€5,400permonth",125m²,3rooms,Furnished,
ApartmentLodewijkvanDeysselstraat,1067CJAmsterdam(Geuzenveld),"€1,160permonth",83m²,3rooms,,2021
HouseValeriusplein,1075BJAmsterdam(Willemspark),"€8,000permonth",366m²,6rooms,Upholstered,
ApartmentNicolaasWitsenkade,1017ZSAmsterdam(DeWeteringschans),"€7,950permonth",200m²,6rooms,Furnished,
ApartmentMinervaplein,1077TRAmsterdam(Apollobuurt),"€2,850permonth",111m²,3rooms,Furnished,
ApartmentSingel91E,1012VGAmsterdam(Burgwallen-NieuweZijde),"€2,850permonth",110m²,2rooms,Furnished,
ApartmentValeriusstraat24hs,1071MJAmsterdam(Museumkwartier),"€4,500permonth",148m²,5rooms,Upholstered,
ApartmentKoninginWilhelminaplein,1062KSAmsterdam(Westlandgracht),"€1,665permonth",64m²,2rooms,,2016
ApartmentIJselstraat87H,1078CGAmsterdam(IJselbuurt),"€1,875permonth",50m²,3rooms,Upholstered,
HouseVanBreestraat139hs,1071ZLAmsterdam(Museumkwartier),"€4,950permonth",140m²,5rooms,Upholstered,
ApartmentWagenstraat,1017CZAmsterdam(Grachtengordel-Zuid),"€3,100permonth",90m²,3rooms,Upholstered,
ApartmentLaanderHesperiden16H,1076DKAmsterdam(Stadionbuurt),"€3,500permonth",127m²,3rooms,Upholstered,
ApartmentOosterpark62I,1092ARAmsterdam(Oosterparkbuurt),"€3,000permonth",85m²,3rooms,Furnished,
ApartmentOosterpark62II,1092ARAmsterdam(Oosterparkbuurt),"€3,000permonth",85m²,3rooms,Furnished,
ApartmentStadionweg140I,1077SXAmsterdam(Apollobuurt),"€3,000permonth",111m²,4rooms,Upholstered,
ApartmentGeschutswerf63,1018AWAmsterdam(OostelijkeEilanden/Kadijken),"€3,500permonth",164m²,2rooms,,1840
ApartmentOudeschans18III,1011LAAmsterdam(Nieuwmarkt/Lastage),"€3,500permonth",100m²,3rooms,Furnished,
ApartmentLeidsekade102A,1017PPAmsterdam(DeWeteringschans),"€4,950permonth",153m²,4rooms,Furnished,
ApartmentBeemsterstraat542F2,1024BVAmsterdam(Waterlandpleinbuurt),"€1,295permonth",83m²,3rooms,,1970
ApartmentLeonardostraat6I,1077EVAmsterdam(Apollobuurt),"€4,300permonth",185m²,6rooms,Upholstered,
ApartmentDam,1012JSAmsterdam(Burgwallen-OudeZijde),"€5,500permonth",125m²,3rooms,Upholsteredorfurnished,
ApartmentKoninginWilhelminaplein,1062KSAmsterdam(Westlandgracht),"€2,250permonth",90m²,3rooms,Furnished,
ApartmentTweedeHugodeGrootstraat,1052LCAmsterdam(FrederikHendrikbuurt),"€1,875permonth",52m²,2rooms,Upholstered,
ApartmentVanEeghenstraat1032,1071EZAmsterdam(Museumkwartier),"€5,000permonth",204m²,6rooms,Upholstered,
ApartmentNieuwePrinsengracht,1018VTAmsterdam(Weesperbuurt/Plantage),"€2,300permonth",75m²,2rooms,Furnished,
ApartmentEvertsweertplantsoen22,1069RLAmsterdam(Osdorp-Midden),"€1,849permonth",60m²,2rooms,Upholsteredorfurnished,
ApartmentKeizersstraat,1011GDAmsterdam(Nieuwmarkt/Lastage),"€2,500permonth",100m²,3rooms,Furnished,
ApartmentBrouwersgracht180A,1013HCAmsterdam(Haarlemmerbuurt),"€7,000permonth",200m²,4rooms,Furnished,
HousePrinsengracht264,1016HHAmsterdam(Jordaan),"€9,500permonth",240m²,7rooms,,
ApartmentWillemsparkweg,1071GNAmsterdam(Museumkwartier),"€4,950permonth",185m²,6rooms,Upholstered,
ApartmentKerkstraat132A,1017GPAmsterdam(Grachtengordel-Zuid),"€3,450permonth",129m²,4rooms,,Before1906
ApartmentMinervalaan,1077NLAmsterdam(Apollobuurt),"€4,450permonth",164m²,6rooms,Upholstered,
ApartmentLeeuwenwerf,1018KAAmsterdam(OostelijkeEilanden/Kadijken),"€2,450permonth",104m²,4rooms,,
HouseMoestuinlaan,1036KDAmsterdam(TuindorpOostzaan),"€4,500permonth",200m²,10rooms,Upholsteredorfurnished,
ApartmentVanBreestraat90II,1071ZSAmsterdam(Museumkwartier),"€4,250permonth",122m²,7rooms,Upholstered,
ApartmentEsplanadedeMeer,1098WNAmsterdam(Middenmeer),"€2,500permonth",96m²,3rooms,Furnished,
ApartmentNDSM-kade,1033PGAmsterdam(NoordelijkeIJ-oeversWest),"€1,694permonth",89m²,2rooms,Upholstered,
ApartmentNDSM-kade,1033PGAmsterdam(NoordelijkeIJ-oeversWest),"€1,568permonth",64m²,2rooms,Upholstered,
ApartmentNDSM-kade,1033PGAmsterdam(NoordelijkeIJ-oeversWest),"€1,460permonth",63m²,2rooms,Upholstered,
ApartmentNDSM-kade,1033PGAmsterdam(NoordelijkeIJ-oeversWest),"€1,487permonth",71m²,2rooms,Upholstered,
ApartmentGrasweg168,1031HXAmsterdam(NoordelijkeIJ-oeversWest),"€1,550permonth",62m²,3rooms,,2021-2030
ApartmentMaryvanderSluisstraat284*,1095MEAmsterdam(Zeeburgereiland/NieuweDiep),"€2,250permonth",88m²,3rooms,,2017
ApartmentHouthavenweg,1014ZAAmsterdam(Houthavens),"€1,688permonth",60m²,1room,,2022
ApartmentHaparandaweg,1013BDAmsterdam(Houthavens),"€1,328permonth",43m²,1room,,2022
ApartmentLijnbaansgracht,1016VXAmsterdam(Jordaan),"€7,500permonth",178m²,2rooms,Upholsteredorfurnished,
ApartmentGrasweg148,1031HXAmsterdam(NoordelijkeIJ-oeversWest),"€1,550permonth",69m²,3rooms,,2021-2030
ApartmentGrasweg122,1031HXAmsterdam(NoordelijkeIJ-oeversWest),"€1,747permonth",90m²,2rooms,,2021-2030
ApartmentRuysdaelkade1972,1072AVAmsterdam(NieuwePijp),"€1,865permonth",58m²,3rooms,Furnished,
ApartmentWillemParelstraat,1018KZAmsterdam(OostelijkeEilanden/Kadijken),"€1,850permonth",84m²,3rooms,,
ApartmentKeizersgracht385B,1016EJAmsterdam(Grachtengordel-West),"€9,750permonth",300m²,5rooms,Upholsteredorfurnished,
StudioWibautstraat150,1091GRAmsterdam(Weesperzijde),"€3,250permonth",40m²,1room,Furnished,
ApartmentGrasweg278,1031HXAmsterdam(NoordelijkeIJ-oeversWest),"€1,446permonth",62m²,3rooms,,2021-2030
ApartmentKalverstraat,1012PHAmsterdam(Burgwallen-NieuweZijde),"€2,750permonth",110m²,4rooms,Furnished,
ApartmentBosenLommerplantsoen,1055AAAmsterdam(DeKolenkit),"€4,500permonth",50m²,2rooms,Furnished,
ApartmentGrasweg344,1031HXAmsterdam(NoordelijkeIJ-oeversWest),"€1,773permonth",74m²,3rooms,,2021-2030
ApartmentGrasweg138,1031HXAmsterdam(NoordelijkeIJ-oeversWest),"€1,540permonth",69m²,3rooms,,2021-2030
ApartmentGrasweg292,1031HXAmsterdam(NoordelijkeIJ-oeversWest),"€1,447permonth",63m²,3rooms,,2021-2030
ApartmentGrasweg152,1031HXAmsterdam(NoordelijkeIJ-oeversWest),"€1,367permonth",62m²,3rooms,,2021-2030
ApartmentAlbertCuypstraat1433,1072CSAmsterdam(OudePijp),"€2,900permonth",53m²,2rooms,Furnished,
StudioAugustAllebéplein,1062ACAmsterdam(OvertoomseVeld),€673permonth,30m²,1room,Upholstered,
ApartmentPrinsengracht,1016GVAmsterdam(Grachtengordel-West),"€4,900permonth",100m²,3rooms,Upholsteredorfurnished,
ApartmentNDSM-kade,1033PGAmsterdam(NoordelijkeIJ-oeversWest),"€2,654permonth",129m²,4rooms,Upholstered,
ApartmentStromarkt,1012SWAmsterdam(Burgwallen-NieuweZijde),"€2,350permonth",65m²,2rooms,Furnished,
ApartmentStadionweg,1077STAmsterdam(Apollobuurt),"€2,700permonth",120m²,3rooms,Upholsteredorfurnished,
ApartmentJohnBlankensteinstraat,1095MBAmsterdam(Zeeburgereiland/NieuweDiep),"€3,400permonth",105m²,5rooms,Upholstered,
StudioElizabethCadyStantonplein,"1102BLAmsterdam(BijlmerCentrum(D,F,H))",€655permonth,30m²,1room,Upholstered,
ApartmentTasmanstraat3,1013PWAmsterdam(Houthavens),"€2,150permonth",100m²,4rooms,Furnished,
ApartmentKoninginWilhelminaplein,1062KSAmsterdam(Westlandgracht),"€2,250permonth",90m²,3rooms,Furnished,
ApartmentIJdok,1013MMAmsterdam(Haarlemmerbuurt),"€2,550permonth",55m²,2rooms,Upholsteredorfurnished,
ApartmentAmstelveenseweg,1075XLAmsterdam(Schinkelbuurt),"€2,450permonth",70m²,3rooms,Upholsteredorfurnished,
ApartmentTweedeBoomdwarsstraat,1015LKAmsterdam(Jordaan),"€1,950permonth",67m²,2rooms,Furnished,
ApartmentStolwijkstraat,1059XZAmsterdam(Hoofddorppleinbuurt),"€1,850permonth",56m²,2rooms,Furnished,
ApartmentValkenburgerstraat1842,1011NBAmsterdam(Nieuwmarkt/Lastage),"€1,350permonth",46m²,2rooms,,Before1906
ApartmentEemsstraat43H,1079TDAmsterdam(Rijnbuurt),"€1,500permonth",52m²,2rooms,,1934
ApartmentTweedeGoudsbloemdwarsstraat261,1015JZAmsterdam(Jordaan),"€1,975permonth",70m²,4rooms,,Before1906
ApartmentSlijterstraat27,1019VNAmsterdam(OostelijkHavengebied),"€2,000permonth",65m²,2rooms,Upholsteredorfurnished,
ApartmentDaniëlStalpertstraat,1072XAAmsterdam(OudePijp),"€2,250permonth",80m²,3rooms,Furnished,
ApartmentGustavMahlerlaan17L,1082MKAmsterdam(Zuidas),"€1,425permonth",41m²,1room,Furnished,
ApartmentLinnaeuskade23H,1098BGAmsterdam(Middenmeer),"€1,800permonth",120m²,5rooms,,1903
ApartmentWijnandNuijenstraat148,1061WBAmsterdam(OvertoomseVeld),"€2,250permonth",86m²,5rooms,,2001-2010
HouseDeWittenkade55,1052ADAmsterdam(Staatsliedenbuurt),"€2,500permonth",116m²,4rooms,Upholsteredorfurnished,
ApartmentMarskramerstraat19,1033WHAmsterdam(Oostzanerwerf),"€1,500permonth",60m²,2rooms,,1990
ApartmentNieuwezijdsVoorburgwal,1012RXAmsterdam(Burgwallen-NieuweZijde),"€1,650permonth",51m²,2rooms,Upholsteredorfurnished,
ApartmentRetiefstraat,1092XAAmsterdam(Transvaalbuurt),"€2,000permonth",65m²,2rooms,Furnished,
ApartmentSolitudolaan226,1096DSAmsterdam(Omval/Overamstel),"€1,850permonth",65m²,2rooms,Furnished,
